{
    "banks": [
      {
        "id": 1,
        "name": "Bank A",
        "yearEstablished": 2010,
        "balanceSheet": [
          { "year": 2019, "month": 11, "profitOrLoss": 5000, "assetsValue": 2000 },
          { "year": 2019, "month": 10, "profitOrLoss": 3000, "assetsValue": 1500 },
          { "year": 2021, "month": 9, "profitOrLoss": 2000, "assetsValue": 1200 },
          { "year": 2023, "month": 8, "profitOrLoss": -1000, "assetsValue": 1000 },
          { "year": 2024, "month": 7, "profitOrLoss": 8000, "assetsValue": 3000 }
        ]
      },
      {
        "id": 2,
        "name": "Bank B",
        "yearEstablished": 2005,
        "balanceSheet": [
          { "year": 2025, "month": 11, "profitOrLoss": 6000, "assetsValue": 2500 },
          { "year": 2027, "month": 10, "profitOrLoss": 3500, "assetsValue": 1800 },
          { "year": 2024, "month": 9, "profitOrLoss": 1800, "assetsValue": 1500 },
          { "year": 2022, "month": 8, "profitOrLoss": -1200, "assetsValue": 1200 },
          { "year": 2022, "month": 7, "profitOrLoss": 7000, "assetsValue": 2800 }
        ]
      },
      {
        "id": 3,
        "name": "Bank C",
        "yearEstablished": 2015,
        "balanceSheet": [
          { "year": 2022, "month": 11, "profitOrLoss": 4000, "assetsValue": 1800 },
          { "year": 2022, "month": 10, "profitOrLoss": 2500, "assetsValue": 1200 },
          { "year": 2022, "month": 9, "profitOrLoss": 1500, "assetsValue": 1000 },
          { "year": 2022, "month": 8, "profitOrLoss": -800, "assetsValue": 800 },
          { "year": 2022, "month": 7, "profitOrLoss": 5000, "assetsValue": 2200 }
        ]
      },
      {
        "id": 4,
        "name": "Bank D",
        "yearEstablished": 2012,
        "balanceSheet": [
          { "year": 2022, "month": 11, "profitOrLoss": 4500, "assetsValue": 2000 },
          { "year": 2022, "month": 10, "profitOrLoss": 2800, "assetsValue": 1500 },
          { "year": 2022, "month": 9, "profitOrLoss": 1700, "assetsValue": 1200 },
          { "year": 2022, "month": 8, "profitOrLoss": -900, "assetsValue": 1000 },
          { "year": 2022, "month": 7, "profitOrLoss": 6000, "assetsValue": 2500 }
        ]
      },
      {
        "id": 5,
        "name": "Bank E",
        "yearEstablished": 2008,
        "balanceSheet": [
          { "year": 2022, "month": 11, "profitOrLoss": 7000, "assetsValue": 3000 },
          { "year": 2022, "month": 10, "profitOrLoss": 4000, "assetsValue": 1800 },
          { "year": 2022, "month": 9, "profitOrLoss": 2200, "assetsValue": 1500 },
          { "year": 2022, "month": 8, "profitOrLoss": -1500, "assetsValue": 1200 },
          { "year": 2022, "month": 7, "profitOrLoss": 8000, "assetsValue": 3500 }
        ]
      }
    ]
  }
  